{
    "name": "root",
    "gauges": {
        "MoveToGoal.Policy.Entropy.mean": {
            "value": 3.1351349353790283,
            "min": 3.1351349353790283,
            "max": 3.1351349353790283,
            "count": 1
        },
        "MoveToGoal.Policy.Entropy.sum": {
            "value": 156756.75,
            "min": 156756.75,
            "max": 156756.75,
            "count": 1
        },
        "MoveToGoal.Step.mean": {
            "value": 49984.0,
            "min": 49984.0,
            "max": 49984.0,
            "count": 1
        },
        "MoveToGoal.Step.sum": {
            "value": 49984.0,
            "min": 49984.0,
            "max": 49984.0,
            "count": 1
        },
        "MoveToGoal.Policy.ExtrinsicValueEstimate.mean": {
            "value": 2.9738962650299072,
            "min": 2.9738962650299072,
            "max": 2.9738962650299072,
            "count": 1
        },
        "MoveToGoal.Policy.ExtrinsicValueEstimate.sum": {
            "value": 2331.53466796875,
            "min": 2331.53466796875,
            "max": 2331.53466796875,
            "count": 1
        },
        "MoveToGoal.Environment.EpisodeLength.mean": {
            "value": 9999.0,
            "min": 9999.0,
            "max": 9999.0,
            "count": 1
        },
        "MoveToGoal.Environment.EpisodeLength.sum": {
            "value": 49995.0,
            "min": 49995.0,
            "max": 49995.0,
            "count": 1
        },
        "MoveToGoal.Environment.CumulativeReward.mean": {
            "value": 2.0,
            "min": 2.0,
            "max": 2.0,
            "count": 1
        },
        "MoveToGoal.Environment.CumulativeReward.sum": {
            "value": 8.0,
            "min": 8.0,
            "max": 8.0,
            "count": 1
        },
        "MoveToGoal.Policy.ExtrinsicReward.mean": {
            "value": 2.0,
            "min": 2.0,
            "max": 2.0,
            "count": 1
        },
        "MoveToGoal.Policy.ExtrinsicReward.sum": {
            "value": 8.0,
            "min": 8.0,
            "max": 8.0,
            "count": 1
        },
        "MoveToGoal.Losses.PolicyLoss.mean": {
            "value": 0.022374860999601273,
            "min": 0.022374860999601273,
            "max": 0.022374860999601273,
            "count": 1
        },
        "MoveToGoal.Losses.PolicyLoss.sum": {
            "value": 0.08949944399840509,
            "min": 0.08949944399840509,
            "max": 0.08949944399840509,
            "count": 1
        },
        "MoveToGoal.Losses.ValueLoss.mean": {
            "value": 0.05334677522381147,
            "min": 0.05334677522381147,
            "max": 0.05334677522381147,
            "count": 1
        },
        "MoveToGoal.Losses.ValueLoss.sum": {
            "value": 0.21338710089524587,
            "min": 0.21338710089524587,
            "max": 0.21338710089524587,
            "count": 1
        },
        "MoveToGoal.Policy.LearningRate.mean": {
            "value": 0.000284616005128,
            "min": 0.000284616005128,
            "max": 0.000284616005128,
            "count": 1
        },
        "MoveToGoal.Policy.LearningRate.sum": {
            "value": 0.001138464020512,
            "min": 0.001138464020512,
            "max": 0.001138464020512,
            "count": 1
        },
        "MoveToGoal.Policy.Epsilon.mean": {
            "value": 0.194872,
            "min": 0.194872,
            "max": 0.194872,
            "count": 1
        },
        "MoveToGoal.Policy.Epsilon.sum": {
            "value": 0.779488,
            "min": 0.779488,
            "max": 0.779488,
            "count": 1
        },
        "MoveToGoal.Policy.Beta.mean": {
            "value": 0.004744112799999999,
            "min": 0.004744112799999999,
            "max": 0.004744112799999999,
            "count": 1
        },
        "MoveToGoal.Policy.Beta.sum": {
            "value": 0.018976451199999998,
            "min": 0.018976451199999998,
            "max": 0.018976451199999998,
            "count": 1
        },
        "MoveToGoal.IsTraining.mean": {
            "value": 1.0,
            "min": 1.0,
            "max": 1.0,
            "count": 1
        },
        "MoveToGoal.IsTraining.sum": {
            "value": 1.0,
            "min": 1.0,
            "max": 1.0,
            "count": 1
        }
    },
    "metadata": {
        "timer_format_version": "0.1.0",
        "start_time_seconds": "1682580848",
        "python_version": "3.7.0 (default, Oct  9 2018, 10:31:47) \n[GCC 7.3.0]",
        "command_line_arguments": "/home/nagisa/.conda/envs/mlAgent/bin/mlagents-learn --force",
        "mlagents_version": "0.28.0",
        "mlagents_envs_version": "0.28.0",
        "communication_protocol_version": "1.5.0",
        "pytorch_version": "1.8.1+cu102",
        "numpy_version": "1.21.6",
        "end_time_seconds": "1682581488"
    },
    "total": 640.5780395349975,
    "count": 1,
    "self": 0.007207528000435559,
    "children": {
        "run_training.setup": {
            "total": 0.013835640998877352,
            "count": 1,
            "self": 0.013835640998877352
        },
        "TrainerController.start_learning": {
            "total": 640.5569963659982,
            "count": 1,
            "self": 1.5345958861325926,
            "children": {
                "TrainerController._reset_env": {
                    "total": 10.53493428299771,
                    "count": 1,
                    "self": 10.53493428299771
                },
                "TrainerController.advance": {
                    "total": 628.3019894938661,
                    "count": 84734,
                    "self": 1.5295492825498513,
                    "children": {
                        "env_step": {
                            "total": 598.9479539494605,
                            "count": 84734,
                            "self": 492.8014081014626,
                            "children": {
                                "SubprocessEnvManager._take_step": {
                                    "total": 105.2056786819303,
                                    "count": 84734,
                                    "self": 3.9593619372171815,
                                    "children": {
                                        "TorchPolicy.evaluate": {
                                            "total": 101.24631674471311,
                                            "count": 84734,
                                            "self": 18.369143768595677,
                                            "children": {
                                                "TorchPolicy.sample_actions": {
                                                    "total": 82.87717297611744,
                                                    "count": 84734,
                                                    "self": 82.87717297611744
                                                }
                                            }
                                        }
                                    }
                                },
                                "workers": {
                                    "total": 0.9408671660676191,
                                    "count": 84733,
                                    "self": 0.0,
                                    "children": {
                                        "worker_root": {
                                            "total": 577.2732982173075,
                                            "count": 84733,
                                            "is_parallel": true,
                                            "self": 220.74198874055946,
                                            "children": {
                                                "run_training.setup": {
                                                    "total": 0.0,
                                                    "count": 0,