{
    "name": "root",
    "metadata": {
        "timer_format_version": "0.1.0",
        "start_time_seconds": "1684228622",
        "python_version": "3.7.0 (default, Oct  9 2018, 10:31:47) \n[GCC 7.3.0]",
        "command_line_arguments": "/home/nagisa/.conda/envs/mlAgent/bin/mlagents-learn --force",
        "mlagents_version": "0.28.0",
        "mlagents_envs_version": "0.28.0",
        "communication_protocol_version": "1.5.0",
        "pytorch_version": "1.8.1+cu102",
        "numpy_version": "1.21.6",
        "end_time_seconds": "1684228647"
    },
    "total": 24.61138396499973,
    "count": 1,
    "self": 0.004124607999074215,
    "children": {
        "run_training.setup": {
            "total": 0.017053677000149037,
            "count": 1,
            "self": 0.017053677000149037
        },
        "TrainerController.start_learning": {
            "total": 24.59020568000051,
            "count": 1,
            "self": 0.02147794600659836,
            "children": {
                "TrainerController._reset_env": {
                    "total": 8.676210913000432,
                    "count": 1,
                    "self": 8.676210913000432
                },
                "TrainerController.advance": {
                    "total": 15.784401083994453,
                    "count": 1217,
                    "self": 0.023754414012728375,
                    "children": {
                        "env_step": {
                            "total": 15.128654477985947,
                            "count": 1217,
                            "self": 12.378010726003595,
                            "children": {
                                "SubprocessEnvManager._take_step": {
                                    "total": 2.7372300050055856,
                                    "count": 1217,
                                    "self": 0.07572181099840236,
                                    "children": {
                                        "TorchPolicy.evaluate": {
                                            "total": 2.661508194007183,
                                            "count": 1217,
                                            "self": 0.5523567130194351,
                                            "children": {
                                                "TorchPolicy.sample_actions": {
                                                    "total": 2.109151480987748,
                                                    "count": 1217,
                                                    "self": 2.109151480987748
                                                }
                                            }
                                        }
                                    }
                                },
                                "workers": {
                                    "total": 0.01341374697676656,
                                    "count": 1216,
                                    "self": 0.0,
                                    "children": {
                                        "worker_root": {
                                            "total": 22.691726793997987,
                                            "count": 1216,
                                            "is_parallel": true,
                                            "self": 13.487542339015818,
                                            "children": {
                                                "run_training.setup": {
                                                    "total": 0.0,
                                                    "count": 0,
                                                    "is_parallel": true,
                                                    "self": 0.0,
                                                    "children": {
                                                        "steps_from_proto": {
                                                            "total": 0.0007232749994727783,
                                                            "count": 1,
                                                            "is_parallel": true,
                                                            "self": 0.00031498299904342275,
                                                            "children": {
                                                                "_process_rank_one_or_two_observation": {
                                                                    "total": 0.00040829200042935554,
                                                                    "count": 4,
                                                                    "is_parallel": true,
                                                                    "self": 0.00040829200042935554
                                                                }
                                                            }
                                                        },
                                                        "UnityEnvironment.step": {
                                                            "total": 0.025084991999392514,
                                                            "count": 1,
                                                            "is_parallel": true,
                                                            "self": 0.00032950999957392924,
                                                            "children": {
                                                                "UnityEnvironment._generate_step_input": {
                                                                    "total": 0.00023333999979513464,
                                                                    "count": 1,
                                                                    "is_parallel": true,
                                                                    "self": 0.00023333999979513464
                                                                },
                                                                "communicator.exchange": {
                                                                    "total": 0.023651642000004358,
                                                                    "count": 1,
                                                                    "is_parallel": true,
                                                                    "self": 0.023651642000004358
                                                                },
                                                                "steps_from_proto": {
                                                                    "total": 0.0008705000000190921,
                                                                    "count": 1,
                                                                    "is_parallel": true,
                                                                    "self": 0.00033069799974327907,
                                                                    "children": {
                                                                        "_process_rank_one_or_two_observation": {
                                                                            "total": 0.000539802000275813,
                                                                            "count": 4,
                                                                            "is_parallel": true,