{
    "name": "root",
    "gauges": {
        "MoveToGoal.Policy.Entropy.mean": {
            "value": 0.9553195238113403,
            "min": 0.7859262824058533,
            "max": 2.457310914993286,
            "count": 333
        },
        "MoveToGoal.Policy.Entropy.sum": {
            "value": 47803.234375,
            "min": 39171.3515625,
            "max": 123042.46875,
            "count": 333
        },
        "MoveToGoal.Step.mean": {
            "value": 16649980.0,
            "min": 49984.0,
            "max": 16649980.0,
            "count": 333
        },
        "MoveToGoal.Step.sum": {
            "value": 16649980.0,
            "min": 49984.0,
            "max": 16649980.0,
            "count": 333
        },
        "MoveToGoal.Policy.ExtrinsicValueEstimate.mean": {
            "value": 0.6557788252830505,
            "min": -0.43418601155281067,
            "max": 19.350576400756836,
            "count": 333
        },
        "MoveToGoal.Policy.ExtrinsicValueEstimate.sum": {
            "value": 523.3115234375,
            "min": -339.0992736816406,
            "max": 15112.7998046875,
            "count": 333
        },
        "MoveToGoal.Losses.PolicyLoss.mean": {
            "value": 0.01958232220611535,
            "min": 0.01958232220611535,
            "max": 0.028099938062465902,
            "count": 333
        },
        "MoveToGoal.Losses.PolicyLoss.sum": {
            "value": 0.09791161103057675,
            "min": 0.08103017692046705,
            "max": 0.13841995166815954,
            "count": 333
        },
        "MoveToGoal.Losses.ValueLoss.mean": {
            "value": 0.0007066629491358375,
            "min": 0.00014715592357485244,
            "max": 1.844876023630301,
            "count": 333
        },
        "MoveToGoal.Losses.ValueLoss.sum": {
            "value": 0.0035333147456791873,
            "min": 0.0005886236942994098,
            "max": 7.379504094521204,
            "count": 333
        },
        "MoveToGoal.Policy.LearningRate.mean": {
            "value": 0.0002950116408377985,
            "min": 0.0002950116408377985,
            "max": 0.0002999920800026321,
            "count": 333
        },
        "MoveToGoal.Policy.LearningRate.sum": {
            "value": 0.0014750582041889925,
            "min": 0.001180410484710251,
            "max": 0.001499889120036849,
            "count": 333
        },
        "MoveToGoal.Policy.Epsilon.mean": {
            "value": 0.19833721305833724,
            "min": 0.19833721305833724,
            "max": 0.19999735999999738,
            "count": 333
        },
        "MoveToGoal.Policy.Epsilon.sum": {
            "value": 0.9916860652916862,
            "min": 0.7934701593934701,
            "max": 0.999963039999963,
            "count": 333
        },
        "MoveToGoal.Policy.Beta.mean": {
            "value": 0.004917026931611027,
            "min": 0.004917026931611027,
            "max": 0.004999868263999868,
            "count": 333
        },
        "MoveToGoal.Policy.Beta.sum": {
            "value": 0.024585134658055133,
            "min": 0.019674160953734164,
            "max": 0.024998155695998156,
            "count": 333
        },
        "MoveToGoal.IsTraining.mean": {
            "value": 1.0,
            "min": 1.0,
            "max": 1.0,
            "count": 333
        },
        "MoveToGoal.IsTraining.sum": {
            "value": 1.0,
            "min": 1.0,
            "max": 1.0,
            "count": 333
        },
        "MoveToGoal.Environment.EpisodeLength.mean": {
            "value": 1431.0,
            "min": 778.5555555555555,
            "max": 7499.0,
            "count": 322
        },
        "MoveToGoal.Environment.EpisodeLength.sum": {
            "value": 51516.0,
            "min": 36182.0,
            "max": 129701.0,
            "count": 322
        },
        "MoveToGoal.Environment.CumulativeReward.mean": {
            "value": 101.65885725191661,
            "min": -139.26317855783483,
            "max": 102.82714286872319,
            "count": 322
        },
        "MoveToGoal.Environment.CumulativeReward.sum": {
            "value": 3558.0600038170815,
            "min": -1531.8949641361833,
            "max": 4026.325012922287,
            "count": 322
        },
        "MoveToGoal.Policy.ExtrinsicReward.mean": {
            "value": 10.165885968187025,
            "min": -13.926319372501563,
            "max": 10.282714549345629,
            "count": 322
        },
        "MoveToGoal.Policy.ExtrinsicReward.sum": {
            "value": 355.8060088865459,
            "min": -153.1895130975172,
            "max": 402.63251005113125,
            "count": 322
        }
    },
    "metadata": {
        "timer_format_version": "0.1.0",
        "start_time_seconds": "1686613459",
        "python_version": "3.7.0 (default, Jun 28 2018, 08:04:48) [MSC v.1912 64 bit (AMD64)]",
        "command_line_arguments": "C:\\Users\\lucaw\\miniconda3\\envs\\mlAgent\\Scripts\\mlagents-learn config\\MoveToGoal.yaml",
        "mlagents_version": "0.28.0",
        "mlagents_envs_version": "0.28.0",
        "communication_protocol_version": "1.5.0",
        "pytorch_version": "1.13.1",
        "numpy_version": "1.21.5",
        "end_time_seconds": "1686634614"
    },
    "total": 21154.7868693,
    "count": 1,
    "self": 0.00513169999976526,
    "children": {
        "run_training.setup": {
            "total": 0.1083352999999998,
            "count": 1,
            "self": 0.1083352999999998
        },
        "TrainerController.start_learning": {
            "total": 21154.6734023,
            "count": 1,
            "self": 31.544703500283504,
            "children": {
                "TrainerController._reset_env": {
                    "total": 6.0614363,
                    "count": 1,
                    "self": 6.0614363
                },
                "TrainerController.advance": {
                    "total": 21116.997623399715,
                    "count": 1522278,
                    "self": 31.949442900324357,
                    "children": {
                        "env_step": {
                            "total": 15474.47875969935,
                            "count": 1522278,
                            "self": 12959.723166901033,
                            "children": {
                                "SubprocessEnvManager._take_step": {
                                    "total": 2494.2127256004087,
                                    "count": 1522278,
                                    "self": 92.61374519894798,
                                    "children": {
                                        "TorchPolicy.evaluate": {
                                            "total": 2401.5989804014607,
                                            "count": 1518184,
                                            "self": 447.7790226003758,
                                            "children": {
                                                "TorchPolicy.sample_actions": {
                                                    "total": 1953.819957801085,
                                                    "count": 1518184,
                                                    "self": 1953.819957801085
                                                }
                                            }
                                        }
                                    }
                                },
                                "workers": {
                                    "total": 20.542867197909345,
                                    "count": 1522277,
                                    "self": 0.0,
                                    "children": {
                                        "worker_root": {
                                            "total": 21103.693806299394,
                                            "count": 1522277,